Baseline_discharge;Baseline_h_SJSR;Baseline_h_RP;Baseline_slope;alt1_discharge;alt1_h_SJSR;alt1_h_RP;alt1_slope;alt2_discharge;alt2_h_SJSR;alt2_h_RP;alt2_slope;alt3_discharge;alt3_h_SJSR;alt3_h_RP;alt3_slope
25.702054;27.923947;27.926314;0.000000064198;25.989876;27.994093;27.99620506;0.000000057303;27.130525;26.863340;26.888566;0.000000684255;1012.454381;29.715753;30.21;0.000013406573
31.476265;27.983937;27.987147;0.000000087068;31.737630;28.144376;28.1469192;0.000000068982;32.998550;27.010944;27.035487;0.000000665723;1037.859595;29.751889;30.24916191;0.000013488664
37.579412;28.031327;28.035564;0.000000114922;37.974973;28.280476;28.28351776;0.000000082517;38.978738;27.132156;27.157164;0.000000678351;1063.224500;29.787965;30.29235336;0.000013681679
43.999691;28.072191;28.077636;0.000000147708;44.520755;28.390090;28.39374642;0.000000099185;45.280606;27.228160;27.254786;0.000000722256;1088.550109;29.823894;30.33539588;0.000013874618
50.492779;28.107742;28.114527;0.000000184049;50.858334;28.445431;28.44990428;0.000000121345;51.850872;27.293212;27.322977;0.000000807370;1113.885278;29.859669;30.37838624;0.000014070333
56.783291;28.138459;28.146649;0.000000222160;57.296892;28.480145;28.48559979;0.000000147957;58.571916;27.341998;27.375772;0.000000916144;1139.228036;29.894395;30.42032592;0.000014266018
63.354912;28.167508;28.177277;0.000000264976;63.531083;28.504759;28.51127757;0.000000176824;65.218669;27.385402;27.423284;0.000001027571;1164.586896;29.930785;30.46391009;0.000014461156
69.416310;28.192010;28.203335;0.000000307198;69.522386;28.523100;28.53074276;0.000000207305;71.666513;27.427813;27.469426;0.000001128759;1189.915086;29.966016;30.5059621;0.000014646186
75.269848;28.213871;28.226789;0.000000350387;75.421450;28.537900;28.54674101;0.000000239825;78.408674;27.477822;27.522499;0.000001211864;1215.205550;30.001120;30.54770608;0.000014826280
81.084901;28.234145;28.248728;0.000000395549;81.331910;28.550577;28.56070732;0.000000274789;84.419958;27.526853;27.573551;0.000001266704;1240.444634;30.036008;30.58905849;0.000015001632
86.882808;28.253187;28.269508;0.000000442702;87.359239;28.561949;28.57348214;0.000000312832;90.264728;27.572368;27.621072;0.000001321113;1265.631704;30.070588;30.62992585;0.000015172177
92.819951;28.271674;28.289851;0.000000493076;93.564351;28.572506;28.58557286;0.000000354435;95.900256;27.613470;27.664198;0.000001375998;1290.770686;30.104939;30.67029706;0.000015335478
98.978755;28.289960;28.310142;0.000000547440;99.909313;28.582432;28.59715849;0.000000399456;101.627181;27.652741;27.705545;0.000001432326;1315.814504;30.139049;30.71010786;0.000015490115
105.208255;28.307689;28.329976;0.000000604528;106.261934;28.591710;28.60818875;0.000000446983;107.589687;27.690375;27.745441;0.000001493676;1340.758921;30.172928;30.74938284;0.000015636482
111.403161;28.324688;28.349143;0.000000663337;112.523010;28.600375;28.61866646;0.000000496162;113.951906;27.726858;27.784547;0.000001564814;1365.646756;30.206874;30.78841189;0.000015774369
117.562488;28.341082;28.367765;0.000000723777;118.644963;28.608497;28.62864207;0.000000546431;120.410337;27.759945;27.820601;0.000001645310;1390.562655;30.240176;30.82672884;0.000015910398
123.524522;28.356556;28.385465;0.000000784171;124.750121;28.616330;28.63840024;0.000000598658;126.804064;27.789017;27.852892;0.000001732620;1415.528606;30.273424;30.86485423;0.000016042713
129.510284;28.371753;28.402963;0.000000846583;130.848983;28.623949;28.64801801;0.000000652867;132.953839;27.814394;27.881554;0.000001821742;1440.543448;30.306372;30.90254211;0.000016171279
135.513507;28.386631;28.420199;0.000000910534;136.953662;28.631410;28.6575525;0.000000709116;138.967677;27.837775;27.908224;0.000001910953;1465.575329;30.339154;30.93980979;0.000016292939
141.520832;28.401191;28.437164;0.000000975797;143.070419;28.638754;28.66704586;0.000000767418;145.048151;27.861177;27.934892;0.000001999546;1490.577448;30.371688;30.97677974;0.000016413274
147.544262;28.415521;28.453956;0.000001042538;149.212729;28.646022;28.67654211;0.000000827870;151.150835;27.883722;27.960574;0.000002084630;1515.526085;30.403989;31.01301149;0.000016519901
153.593482;28.429682;28.470635;0.000001110859;155.373431;28.653203;28.68602729;0.000000890367;157.175543;27.909418;27.989227;0.000002164858;1540.405430;30.436043;31.04860003;0.000016615772
159.658489;28.443665;28.487190;0.000001180640;161.570061;28.660408;28.69561662;0.000000955046;163.182736;27.934530;28.017123;0.000002240365;1565.236289;30.467858;31.08364336;0.000016703333
165.762778;28.457532;28.503693;0.000001252138;167.806715;28.667571;28.70524554;0.000001021944;169.192782;27.960603;28.045798;0.000002310944;1590.038471;30.499515;31.118244;0.000016783175
171.888285;28.471247;28.520098;0.000001325105;174.138726;28.674794;28.71503908;0.000001091655;175.186046;27.987159;28.074839;0.000002378334;1614.759871;30.531026;31.15239152;0.000016854709
178.076282;28.484904;28.536516;0.000001400002;180.264516;28.681746;28.72453905;0.000001160765;181.195472;28.013325;28.103532;0.000002446912;1639.379853;30.562431;31.18617331;0.000016919177
184.276739;28.498404;28.552825;0.000001476180;186.380995;28.688659;28.73405428;0.000001231361;187.200388;28.038291;28.131131;0.000002518302;1663.902088;30.593800;31.21966748;0.000016976815
190.283753;28.511326;28.568504;0.000001550988;192.480972;28.695527;28.74357454;0.000001303303;193.225311;28.062274;28.157825;0.000002591839;1688.332360;30.625156;31.2528891;0.000017027432
196.272978;28.524078;28.584041;0.000001626489;198.580941;28.702368;28.75312234;0.000001376734;199.324627;28.085724;28.184039;0.000002666808;1712.698300;30.656492;31.28581584;0.000017070581
202.268739;28.536740;28.599519;0.000001702909;204.680609;28.709179;28.76269396;0.000001451607;205.555619;28.109087;28.210210;0.000002742979;1737.028951;30.687805;31.31848958;0.000017107484
208.259183;28.549306;28.614929;0.000001780030;210.773097;28.715952;28.77227664;0.000001527810;211.597151;28.130973;28.234841;0.000002817439;1761.358268;30.719050;31.35093608;0.000017140083
214.253839;28.561820;28.630314;0.000001857907;216.859424;28.722687;28.78186889;0.000001605323;217.709192;28.152427;28.259106;0.000002893699;1785.763519;30.750266;31.38320412;0.000017168601
220.248735;28.574292;28.645681;0.000001936443;222.951303;28.729390;28.7914819;0.000001684264;223.852539;28.173107;28.282684;0.000002972325;1810.221034;30.781458;31.41525924;0.000017192021
226.225917;28.586700;28.660999;0.000002015370;229.062681;28.736070;28.80113057;0.000001764794;230.034805;28.193148;28.305705;0.000003053133;1834.746238;30.812720;31.44716001;0.000017209358
232.209375;28.599120;28.676356;0.000002095041;235.277543;28.742811;28.81094042;0.000001848031;236.229470;28.212507;28.328103;0.000003135584;1859.325523;30.843699;31.4785692;0.000017221010
238.195138;28.611586;28.691791;0.000002175577;241.289629;28.749280;28.82042451;0.000001929814;242.470590;28.231335;28.350012;0.000003219145;1883.949715;30.874549;31.50970898;0.000017228881
244.113168;28.624084;28.707284;0.000002256809;247.423475;28.755822;28.83008875;0.000002014509;248.746315;28.249548;28.371370;0.000003304461;1908.704841;30.905092;31.54056547;0.000017237384
250.042274;28.636601;28.722816;0.000002338603;253.550888;28.762293;28.83972487;0.000002100361;255.119195;28.267524;28.392566;0.000003391811;1933.583823;30.935273;31.57116309;0.000017248690
256.050945;28.649089;28.738328;0.000002420619;259.669266;28.768687;28.8493249;0.000002187333;261.377320;28.284251;28.412568;0.000003480627;1958.554854;30.965085;31.60148197;0.000017262442
262.041807;28.661549;28.753821;0.000002502880;265.783497;28.775000;28.85888691;0.000002275456;267.687679;28.300839;28.432478;0.000003570727;1983.596148;30.994573;31.63150454;0.000017276934
268.020112;28.673990;28.769308;0.000002585511;271.895514;28.781232;28.86841093;0.000002364750;273.978144;28.316951;28.451954;0.000003662014;2008.705036;31.023905;31.66132831;0.000017290280
274.008827;28.686396;28.784774;0.000002668530;278.009025;28.787384;28.87790027;0.000002455270;280.231401;28.332582;28.470989;0.000003754347;2033.871209;31.053128;31.69102156;0.000017303019
279.995469;28.698742;28.800192;0.000002751857;284.118875;28.793447;28.8873418;0.000002546919;286.440177;28.347832;28.489673;0.000003847488;2059.101048;31.082272;31.72062914;0.000017315596
285.967451;28.711022;28.815557;0.000002835544;290.228255;28.799421;28.89673683;0.000002639724;292.579813;28.362772;28.508074;0.000003941359;2084.398786;31.111320;31.75013107;0.000017327911
291.900459;28.723241;28.830878;0.000002919663;296.342937;28.805311;28.90609395;0.000002733753;298.587697;28.377463;28.526256;0.000004036057;2109.735472;31.140251;31.77948317;0.000017339344
297.805600;28.735383;28.846134;0.000003004149;302.459272;28.811118;28.91540948;0.000002828940;304.702851;28.391896;28.544201;0.000004131325;2135.100538;31.169021;31.80863118;0.000017349607
303.707064;28.747433;28.861308;0.000003088873;308.576221;28.816842;28.92468472;0.000002925250;310.870678;28.406058;28.561902;0.000004227310;2160.490878;31.197622;31.83756691;0.000017358673
309.624203;28.759410;28.876419;0.000003173893;314.704468;28.822500;28.93393983;0.000003022834;317.041823;28.419969;28.579380;0.000004324071;2185.899707;31.226088;31.86631994;0.000017366463
315.553718;28.771328;28.891485;0.000003259305;320.837606;28.828090;28.94316989;0.000003121561;323.206571;28.433617;28.596628;0.000004421708;2211.296161;31.254404;31.8948843;0.000017373198
321.462585;28.783184;28.906503;0.000003345061;326.975452;28.833620;28.95237827;0.000003221363;329.361617;28.447013;28.613656;0.000004520231;2236.679106;31.282567;31.92324171;0.000017378477
327.376962;28.794972;28.921462;0.000003431078;333.120236;28.839100;28.96157776;0.000003322255;335.520214;28.460158;28.630476;0.000004619917;2262.058082;31.310567;31.95137767;0.000017382170
333.314922;28.806694;28.936364;0.000003517326;339.267468;28.844537;28.97077112;0.000003424125;341.685438;28.473086;28.647115;0.000004720560;2287.448548;31.338401;31.97930433;0.000017384667
339.266643;28.818348;28.951202;0.000003603703;345.414015;28.849943;28.97996451;0.000003526880;347.861704;28.485768;28.663550;0.000004822373;2312.848338;31.366079;32.00707793;0.000017387266
345.210146;28.829943;28.965987;0.000003690222;351.562891;28.855331;28.98917366;0.000003630511;354.043924;28.498302;28.679858;0.000004924745;2338.226777;31.393557;32.03467021;0.000017390371
351.145110;28.841487;28.980726;0.000003776893;357.716704;28.860719;28.99841382;0.000003734998;360.233766;28.510688;28.696040;0.000005027728;2363.538603;31.420911;32.06213148;0.000017393276
357.091114;28.852980;28.995419;0.000003863685;363.870971;28.866119;29.00769157;0.000003840201;366.426089;28.522885;28.712056;0.000005131310;2388.827360;31.448162;32.08947509;0.000017395791
363.071786;28.864434;29.010078;0.000003950652;370.029311;28.871549;29.01702663;0.000003946113;372.620649;28.534987;28.727983;0.000005235070;2414.107353;31.475299;32.11669287;0.000017397968
369.091415;28.875845;29.024702;0.000004037772;376.188978;28.877025;29.02642891;0.000004052610;378.807323;28.546921;28.743755;0.000005339189;2439.394165;31.502297;32.14374303;0.000017399400
375.161832;28.887219;29.039293;0.000004125054;382.351262;28.882566;29.03591459;0.000004159631;384.971488;28.558799;28.759465;0.000005443132;2464.698529;31.529196;32.17061859;0.000017398753
381.299732;28.898557;29.053855;0.000004212495;388.514332;28.888186;29.0454949;0.000004267055;391.060483;28.570535;28.775044;0.000005547366;2489.978135;31.555975;32.19730167;0.000017396159
387.502875;28.909859;29.068384;0.000004300037;394.676747;28.893901;29.05518146;0.000004374763;396.877349;28.582236;28.790575;0.000005651249;2515.262540;31.582678;32.22384058;0.000017391699
393.780760;28.921130;29.082886;0.000004387676;400.839264;28.899730;29.06498889;0.000004482678;402.975688;28.593860;28.806025;0.000005755015;;;;
400.130966;28.932380;29.097371;0.000004475425;407.001736;28.905689;29.07492913;0.000004590693;409.143878;28.605419;28.821403;0.000005858621;;;;
406.508072;28.943595;29.111820;0.000004563146;413.168399;28.911795;29.08502009;0.000004698783;415.300422;28.616889;28.836697;0.000005962350;;;;
412.882819;28.954789;29.126249;0.000004650909;419.343125;28.918065;29.09527696;0.000004806934;421.422272;28.628299;28.851925;0.000006065902;;;;
419.230864;28.965957;29.140651;0.000004738635;425.509648;28.924490;29.10567775;0.000004914778;427.550769;28.639672;28.867107;0.000006169238;;;;
425.557289;28.977095;29.155020;0.000004826281;431.670837;28.931077;29.11622934;0.000005022309;433.685482;28.650999;28.882231;0.000006272239;;;;
431.863316;28.988211;29.169367;0.000004913895;437.829996;28.937831;29.12693717;0.000005129545;439.812490;28.662289;28.897306;0.000006374910;;;;
438.148935;28.999304;29.183688;0.000005001464;443.983658;28.944747;29.13779205;0.000005236389;445.904788;28.673548;28.912336;0.000006477199;;;;
444.425440;29.010378;29.197989;0.000005089022;450.133249;28.951822;29.14879067;0.000005342834;451.935298;28.684779;28.927323;0.000006579056;;;;
450.700152;29.021435;29.212275;0.000005176583;456.280646;28.959052;29.15993092;0.000005448892;457.916434;28.695988;28.942272;0.000006680522;;;;
456.960524;29.032473;29.226539;0.000005264098;462.425207;28.966434;29.17120682;0.000005554522;463.892976;28.707166;28.957174;0.000006781532;;;;
463.213090;29.043488;29.240778;0.000005351538;468.568287;28.973966;29.18261743;0.000005659715;469.879707;28.718317;28.972033;0.000006882121;;;;
469.457097;29.054478;29.254988;0.000005438873;474.708288;28.981648;29.19415792;0.000005764398;475.837395;28.729434;28.986844;0.000006982299;;;;
475.695104;29.065451;29.269178;0.000005526133;480.847628;28.989483;29.20583274;0.000005868544;481.769151;28.740516;29.001607;0.000007082183;;;;
481.924867;29.076404;29.283344;0.000005613282;486.989208;28.997478;29.2176458;0.000005972123;487.711810;28.751554;29.016318;0.000007181803;;;;
488.146275;29.087335;29.297483;0.000005700333;493.134911;29.005635;29.22959839;0.000006075055;493.708456;28.762551;29.030984;0.000007281301;;;;
494.355188;29.098243;29.311595;0.000005787243;499.288009;29.013963;29.24169396;0.000006177257;499.730712;28.773500;29.045601;0.000007380816;;;;
500.550458;29.109121;29.325672;0.000005874005;505.454675;29.022470;29.25394024;0.000006278679;505.749413;28.784395;29.060169;0.000007480423;;;;
506.732760;29.119967;29.339712;0.000005960627;511.633274;29.031155;29.26632912;0.000006379168;511.759913;28.795230;29.074678;0.000007580121;;;;
512.908272;29.130789;29.353726;0.000006047224;517.830106;29.040025;29.27886921;0.000006478725;517.760117;28.806009;29.089141;0.000007680043;;;;
519.082607;29.141592;29.367723;0.000006133879;524.049773;29.049075;29.29155478;0.000006577336;523.760392;28.816718;29.103542;0.000007780174;;;;
525.259431;29.152379;29.381708;0.000006220608;530.294875;29.058298;29.3043796;0.000006675038;529.773949;28.827341;29.117861;0.000007880421;;;;
531.431140;29.163132;29.395655;0.000006307258;536.561045;29.067666;29.31731634;0.000006771825;535.800195;28.837887;29.132108;0.000007980801;;;;
537.593297;29.173843;29.409555;0.000006393742;542.849721;29.077158;29.3303468;0.000006867811;541.848387;28.848356;29.146284;0.000008081365;;;;
543.746262;29.184514;29.423407;0.000006480041;549.156832;29.086743;29.34344444;0.000006963085;547.917813;28.858738;29.160378;0.000008182090;;;;
549.893082;29.195145;29.437213;0.000006566167;555.481209;29.096409;29.35660422;0.000007057862;554.024275;28.869026;29.174388;0.000008283012;;;;
556.033479;29.205732;29.450968;0.000006652090;561.813790;29.106133;29.36980634;0.000007152221;560.181311;28.879216;29.188305;0.000008384132;;;;
562.167483;29.216275;29.464672;0.000006737813;568.149133;29.115889;29.38302713;0.000007246184;566.394545;28.889306;29.202133;0.000008485502;;;;
568.298703;29.226781;29.478332;0.000006823374;574.492492;29.125686;29.3962819;0.000007339984;572.663818;28.899301;29.215874;0.000008587103;;;;
574.429202;29.237252;29.491952;0.000006908786;580.820598;29.135501;29.4095432;0.000007433473;579.036292;28.909276;29.229631;0.000008689717;;;;
580.558577;29.247684;29.505526;0.000006994035;587.133446;29.145322;29.42279796;0.000007526611;585.333927;28.919013;29.243103;0.000008791028;;;;
586.688596;29.258085;29.519064;0.000007079127;593.433450;29.155154;29.43605313;0.000007619466;591.719635;28.928749;29.256617;0.000008893507;;;;
592.816330;29.268445;29.532553;0.000007163998;599.718523;29.164990;29.44930039;0.000007711986;598.123419;28.938385;29.270031;0.000008995985;;;;
598.940633;29.278762;29.545990;0.000007248625;605.988750;29.174829;29.4625379;0.000007804170;604.578801;28.947933;29.283362;0.000009098614;;;;
605.058692;29.289032;29.559369;0.000007332952;612.244087;29.184667;29.47576032;0.000007895984;611.068541;28.957462;29.296681;0.000009201399;;;;
611.169649;29.299255;29.572688;0.000007416944;618.488082;29.194503;29.48896715;0.000007987430;617.576878;28.966873;29.309886;0.000009304299;;;;
617.278397;29.309437;29.585957;0.000007500687;624.725172;29.204338;29.50216158;0.000008078532;624.105217;28.976267;29.323058;0.000009406809;;;;
623.387348;29.319584;29.599184;0.000007584223;630.952742;29.214170;29.51533725;0.000008169251;630.602442;28.985610;29.336171;0.000009509057;;;;
629.493839;29.329692;29.612363;0.000007667537;637.174625;29.224000;29.52849837;0.000008259609;637.066234;28.994930;29.349250;0.000009611016;;;;
635.598454;29.339762;29.625498;0.000007750672;643.389557;29.233823;29.54163811;0.000008349574;643.497903;29.004250;29.362317;0.000009712663;;;;
641.697167;29.349789;29.638582;0.000007833605;649.597442;29.243637;29.55475407;0.000008439123;649.892865;29.013575;29.375372;0.000009813838;;;;
647.791406;29.359777;29.651622;0.000007916384;655.799175;29.253444;29.56784638;0.000008528252;656.263059;29.022924;29.388437;0.000009914641;;;;
653.882395;29.369730;29.664623;0.000007999050;661.992277;29.263236;29.58090667;0.000008616902;662.606531;29.032292;29.401501;0.000010014885;;;;
659.966764;29.379644;29.677579;0.000008081577;668.186403;29.273026;29.59395183;0.000008705190;668.928499;29.041679;29.414562;0.000010114566;;;;
666.046882;29.389525;29.690499;0.000008163992;674.371803;29.282799;29.60696215;0.000008793010;675.241255;29.051095;29.427637;0.000010213801;;;;
672.124807;29.399379;29.703387;0.000008246299;680.559254;29.292572;29.61996198;0.000008880548;681.531974;29.060519;29.440695;0.000010312379;;;;
678.199298;29.409204;29.716241;0.000008328469;686.738756;29.302328;29.6329305;0.000008967688;687.822379;29.069981;29.453781;0.000010410654;;;;
684.270710;29.419001;29.729063;0.000008410500;692.911487;29.312069;29.64587133;0.000009054472;694.103669;29.079468;29.466875;0.000010508517;;;;
690.339968;29.428774;29.741856;0.000008492440;699.080744;29.321801;29.6587924;0.000009140973;700.362647;29.088957;29.479949;0.000010605760;;;;
696.408028;29.438523;29.754622;0.000008574286;705.246842;29.331524;29.67169425;0.000009227211;706.618574;29.098473;29.493038;0.000010702668;;;;
702.478364;29.448253;29.767366;0.000008656010;711.412172;29.341241;29.68458256;0.000009313227;712.868098;29.108006;29.506127;0.000010799151;;;;
708.547575;29.457960;29.780079;0.000008737580;717.574753;29.350949;29.69745246;0.000009399000;719.117526;29.117558;29.519223;0.000010895277;;;;
714.614903;29.467640;29.792759;0.000008818936;723.735703;29.360647;29.7103048;0.000009484554;725.359900;29.127121;29.532309;0.000010990849;;;;
720.679788;29.477293;29.805403;0.000008900068;729.893070;29.370331;29.7231318;0.000009569821;731.599574;29.136699;29.545391;0.000011085880;;;;
726.744365;29.486919;29.818012;0.000008980963;736.053038;29.380001;29.73593518;0.000009654808;737.843364;29.146302;29.558480;0.000011180421;;;;
732.806956;29.496517;29.830579;0.000009061522;742.208521;29.389653;29.74870902;0.000009739495;744.080548;29.155907;29.571544;0.000011274265;;;;
738.870012;29.506088;29.843106;0.000009141706;748.362151;29.399288;29.76145747;0.000009823946;750.319637;29.165521;29.584597;0.000011367524;;;;
744.933402;29.515631;29.855588;0.000009221433;754.515291;29.408907;29.77418188;0.000009908187;756.563278;29.175150;29.597643;0.000011460245;;;;
750.998326;29.525147;29.868026;0.000009300687;760.670613;29.418511;29.78688205;0.000009992149;762.805861;29.184781;29.610672;0.000011552420;;;;
757.062879;29.534633;29.880409;0.000009379265;766.824982;29.428096;29.79955124;0.000010075824;769.051783;29.194430;29.623700;0.000011644061;;;;
763.126761;29.544090;29.892736;0.000009457110;772.977653;29.437657;29.81218337;0.000010159115;775.288758;29.204065;29.636690;0.000011735052;;;;
769.188201;29.553514;29.905001;0.000009534156;779.128661;29.447195;29.82477787;0.000010242030;781.523840;29.213697;29.649657;0.000011825510;;;;
775.248823;29.562910;29.917206;0.000009610354;785.279335;29.456711;29.83733521;0.000010324545;787.754132;29.223322;29.662597;0.000011915459;;;;
781.307640;29.572278;29.929349;0.000009685622;791.430587;29.466298;29.84995167;0.000010406696;793.975461;29.232928;29.675499;0.000012004860;;;;
787.365351;29.581620;29.941428;0.000009759884;797.580412;29.475674;29.86232558;0.000010488014;800.193451;29.242521;29.688372;0.000012093823;;;;
793.420439;29.590934;29.953439;0.000009833033;803.718627;29.483732;29.87320147;0.000010564465;806.407537;29.252096;29.701211;0.000012182364;;;;
799.472911;29.600221;29.965377;0.000009904971;809.879675;29.494547;29.88712652;0.000010648812;812.613825;29.261650;29.714010;0.000012270406;;;;
805.522981;29.609481;29.977242;0.000009975598;816.028311;29.503950;29.89944469;0.000010727908;818.813499;29.271173;29.726765;0.000012358052;;;;
811.570090;29.618716;29.989029;0.000010044847;822.177549;29.513331;29.91170626;0.000010806031;825.007858;29.280671;29.739480;0.000012445312;;;;
817.613420;29.627924;30.000735;0.000010112604;828.325127;29.522689;29.92390556;0.000010883093;831.196644;29.290141;29.752154;0.000012532225;;;;
823.651883;29.637105;30.012355;0.000010178771;834.472103;29.532026;29.93604122;0.000010959018;837.383387;29.299700;29.764909;0.000012618920;;;;
829.684839;29.646259;30.023882;0.000010243147;840.618129;29.541339;29.94810723;0.000011033702;843.554729;29.308994;29.777377;0.000012705019;;;;
835.713103;29.655387;30.035316;0.000010305677;846.762295;29.550630;29.96010338;0.000011107076;849.719130;29.318372;29.789918;0.000012790820;;;;
841.737051;29.664490;30.046654;0.000010366316;852.906818;29.559903;29.97202938;0.000011179043;855.876288;29.327725;29.802422;0.000012876276;;;;
847.758093;29.673570;30.057900;0.000010425055;859.051219;29.569158;29.98388342;0.000011249530;862.026590;29.337056;29.814892;0.000012961440;;;;
853.774375;29.682625;30.069049;0.000010481855;865.195279;29.578395;29.9956606;0.000011318437;868.171917;29.346378;29.827338;0.000013046160;;;;
859.788936;29.691658;30.080109;0.000010536827;871.338157;29.587613;30.00735821;0.000011385693;874.310854;29.355678;29.839745;0.000013130467;;;;
865.803340;29.700672;30.091087;0.000010590103;877.481662;29.596816;30.01897813;0.000011451246;880.443213;29.364945;29.852108;0.000013214434;;;;
871.817941;29.709669;30.101993;0.000010641906;883.625981;29.606007;30.03051459;0.000011514891;886.573867;29.374199;29.864441;0.000013297935;;;;
877.830585;29.718646;30.112835;0.000010692483;889.765532;29.615176;30.04195706;0.000011576545;892.699574;29.383433;29.876735;0.000013380952;;;;
883.846160;29.727611;30.123630;0.000010742117;895.899563;29.624326;30.05330492;0.000011636158;898.818919;29.392641;29.888982;0.000013463370;;;;
889.860848;29.736559;30.134381;0.000010791031;902.029041;29.633461;30.06456166;0.000011693733;904.936519;29.401831;29.901186;0.000013545133;;;;
895.875964;29.745494;30.145101;0.000010839455;908.153650;29.642580;30.07572796;0.000011749259;911.053596;29.411001;29.913344;0.000013626182;;;;
901.892494;29.754417;30.155800;0.000010887615;914.275371;29.651689;30.08681133;0.000011802814;917.166495;29.420145;29.925446;0.000013706406;;;;
907.910642;29.763329;30.166483;0.000010935646;920.393123;29.660787;30.09781625;0.000011854535;923.276251;29.429265;29.937490;0.000013785740;;;;
913.927823;29.772228;30.177151;0.000010983657;926.514503;29.669885;30.10876249;0.000011904662;929.384312;29.438364;29.949470;0.000013863902;;;;
919.942356;29.781112;30.187806;0.000011031701;932.624850;29.678961;30.1196337;0.000011953353;935.490178;29.447465;29.961402;0.000013940664;;;;
925.950867;29.789981;30.198450;0.000011079830;938.734967;29.688032;30.13045898;0.000012000952;941.594979;29.456512;29.973242;0.000014016435;;;;
931.941386;29.798922;30.209089;0.000011125893;944.844409;29.697095;30.14124666;0.000012047730;947.694930;29.465522;29.984995;0.000014090842;;;;
937.892741;29.809553;30.219718;0.000011125838;950.952377;29.706149;30.15200295;0.000012093913;953.795223;29.474506;29.996671;0.000014163867;;;;
943.941981;29.818453;30.230353;0.000011172913;957.055822;29.715190;30.16273165;0.000012139682;959.893276;29.483461;30.008260;0.000014235328;;;;
949.982594;29.827361;30.240981;0.000011219537;963.155110;29.724213;30.17343137;0.000012185159;965.988283;29.492383;30.019757;0.000014305155;;;;
956.023719;29.836248;30.251599;0.000011266502;969.251087;29.733225;30.18411309;0.000012230448;972.081054;29.501273;30.031161;0.000014373339;;;;
962.065277;29.845101;30.262210;0.000011314194;975.344499;29.742226;30.19478031;0.000012275666;978.171880;29.510137;30.042471;0.000014439703;;;;
968.103715;29.853869;30.272811;0.000011363915;981.435230;29.751215;30.20543281;0.000012320786;984.256499;29.518967;30.053677;0.000014504158;;;;
974.148739;29.862667;30.283402;0.000011412565;987.527624;29.760199;30.21607873;0.000012365862;990.336471;29.527724;30.064743;0.000014566764;;;;
980.195127;29.871445;30.293983;0.000011461436;993.628390;29.769188;30.22672986;0.000012410953;996.418007;29.536545;30.075801;0.000014627467;;;;
986.236754;29.880195;30.304542;0.000011510535;999.718708;29.778154;30.23735392;0.000012455915;1002.498156;29.545278;30.086705;0.000014686341;;;;
992.279462;29.888922;30.315091;0.000011559939;1005.808870;29.787113;30.24796984;0.000012500867;1008.576423;29.553969;30.097501;0.000014743461;;;;
998.322865;29.897625;30.325626;0.000011609626;1011.897760;29.796062;30.2585763;0.000012545830;1014.660173;29.562698;30.108265;0.000014798641;;;;
1004.368284;29.906305;30.336146;0.000011659537;1017.986343;29.805002;30.26917622;0.000012590853;1020.752818;29.570891;30.118335;0.000014849580;;;;
1010.416317;29.914961;30.346649;0.000011709631;1024.076848;29.813936;30.27977597;0.000012636035;1026.829798;29.580030;30.129512;0.000014904855;;;;
1016.465096;29.923593;30.357130;0.000011759811;1030.168303;29.822862;30.29037469;0.000012681396;1032.915224;29.588666;30.140037;0.000014956083;;;;
1022.514161;29.932198;30.367586;0.000011810019;1036.253192;29.831769;30.30096015;0.000012726935;1038.997486;29.597278;30.150500;0.000015006291;;;;
1028.564686;29.940780;30.378018;0.000011860209;1042.333835;29.840658;30.31153656;0.000012772709;1045.075980;29.605869;30.160908;0.000015055577;;;;
1034.613512;29.949334;30.388420;0.000011910346;1048.412894;29.849532;30.32210756;0.000012818745;1051.150552;29.614436;30.171272;0.000015104329;;;;
1040.663007;29.957864;30.398794;0.000011960351;1054.493065;29.858393;30.33267688;0.000012865065;1057.221393;29.622986;30.181602;0.000015152604;;;;
1046.713680;29.966372;30.409141;0.000012010226;1060.572890;29.867240;30.34324023;0.000012911643;1063.287090;29.631520;30.191904;0.000015200560;;;;
1052.763235;29.974857;30.419461;0.000012059975;1066.652802;29.876071;30.35379619;0.000012958434;1069.349707;29.640043;30.202185;0.000015248249;;;;
1058.812804;29.983321;30.429753;0.000012109579;1072.732297;29.884886;30.36434203;0.000013005371;1075.416997;29.648569;30.212462;0.000015295744;;;;
1064.863965;29.991765;30.440019;0.000012159016;1078.813851;29.893689;30.37487872;0.000013052403;1081.478239;29.657085;30.222718;0.000015342941;;;;
1070.917868;30.000188;30.450258;0.000012208283;1084.894931;29.902478;30.38540068;0.000013099398;1087.537264;29.665598;30.232958;0.000015389806;;;;
1076.972485;30.008590;30.460470;0.000012257357;1090.973223;29.911250;30.39589864;0.000013146217;1093.595253;29.674110;30.243184;0.000015436301;;;;
1083.026885;30.016971;30.470652;0.000012306202;1097.049385;29.920011;30.40637773;0.000013192828;1099.650154;29.682618;30.253392;0.000015482401;;;;
1089.080758;30.025333;30.480805;0.000012354811;1103.123662;29.928759;30.41683155;0.000013239105;1105.703301;29.691135;30.263590;0.000015527979;;;;
1095.135356;30.033677;30.490932;0.000012403145;1109.199227;29.937497;30.4272654;0.000013285094;1111.757041;29.699677;30.273789;0.000015572955;;;;
1101.188487;30.042004;30.501029;0.000012451174;1115.273434;29.946222;30.4376742;0.000013330764;1117.810960;29.708197;30.283962;0.000015617766;;;;
1107.241270;30.050316;30.511101;0.000012498912;1121.347790;29.954938;30.44806043;0.000013376079;1123.864421;29.716714;30.294116;0.000015662180;;;;
1113.295741;30.058616;30.521148;0.000012546318;1127.421213;29.963642;30.45842189;0.000013421046;1129.918003;29.725231;30.304255;0.000015706181;;;;
1119.351793;30.066906;30.531175;0.000012593423;1133.495649;29.972337;30.46876201;0.000013465670;1135.976291;29.733755;30.314388;0.000015749825;;;;
1125.409850;30.075187;30.541181;0.000012640201;1139.569057;29.981019;30.47907778;0.000013509977;1142.038891;29.742282;30.324515;0.000015793209;;;;
1131.465502;30.083456;30.551162;0.000012686654;1145.642618;29.989689;30.48937152;0.000013554015;1148.105879;29.750811;30.334635;0.000015836392;;;;
1137.519431;30.091716;30.561123;0.000012732791;1151.716373;29.998346;30.49964147;0.000013597782;1154.177538;29.759340;30.344751;0.000015879441;;;;
1143.569920;30.099965;30.571061;0.000012778612;1157.790057;30.006987;30.50988644;0.000013641284;1160.253796;29.767867;30.354863;0.000015922423;;;;
1149.616322;30.108198;30.580972;0.000012824118;1163.862781;30.015611;30.52010523;0.000013684528;1166.333176;29.776389;30.364969;0.000015965378;;;;
1155.657424;30.116416;30.590854;0.000012869273;1169.933095;30.024217;30.53029449;0.000013727485;1172.415447;29.784907;30.375070;0.000016008317;;;;
1161.693347;30.124619;30.600708;0.000012914033;1175.998982;30.032801;30.54045171;0.000013770153;1178.499261;29.793415;30.385161;0.000016051253;;;;
1167.725290;30.132809;30.610533;0.000012958372;1182.059015;30.041365;30.55057687;0.000013812504;1184.584068;29.801912;30.395242;0.000016094219;;;;
1173.754936;30.140990;30.620331;0.000013002270;1188.116689;30.049906;30.56066926;0.000013854583;1190.670651;29.810436;30.405355;0.000016137324;;;;
1179.784199;30.149163;30.630106;0.000013045686;1194.172839;30.058431;30.57073658;0.000013896415;1196.759992;29.818892;30.415389;0.000016180140;;;;
1185.811724;30.157329;30.639852;0.000013088586;1200.225213;30.066937;30.5807742;0.000013937979;1202.849623;29.827367;30.425447;0.000016223076;;;;
1191.836503;30.165485;30.649568;0.000013130891;1206.276434;30.075423;30.59078137;0.000013979219;1208.939771;29.835831;30.435493;0.000016265985;;;;
1197.858823;30.173633;30.659252;0.000013172556;1212.322373;30.083892;30.60075902;0.000014020147;1215.029203;29.844269;30.445512;0.000016308889;;;;
1203.879956;30.181774;30.668905;0.000013213567;1218.362829;30.092344;30.6107055;0.000014060695;1221.121700;29.852694;30.455513;0.000016351626;;;;
1209.902799;30.189912;30.678531;0.000013253930;1224.399032;30.100781;30.62062243;0.000014100835;1227.216141;29.861103;30.465490;0.000016394151;;;;
1215.925022;30.198042;30.688126;0.000013293644;1230.431209;30.109204;30.63051038;0.000014140568;1233.309975;29.869495;30.475439;0.000016436382;;;;
1221.950348;30.206170;30.697696;0.000013332768;1236.458070;30.117612;30.64036556;0.000014179836;1239.405485;29.877876;30.485364;0.000016478249;;;;
1227.978899;30.214293;30.707242;0.000013371363;1242.480184;30.126005;30.65018899;0.000014218626;1245.501880;29.886246;30.495261;0.000016519706;;;;
1234.008548;30.222407;30.716762;0.000013409488;1248.493076;30.134379;30.65997293;0.000014256867;1251.596710;29.894600;30.505128;0.000016560738;;;;
1240.041662;30.230514;30.726259;0.000013447231;1254.502795;30.142742;30.66972623;0.000014294584;1257.694420;29.902944;30.514972;0.000016601410;;;;
1246.076452;30.238609;30.735734;0.000013484636;1260.509643;30.151094;30.67944906;0.000014331780;1263.795248;29.911278;30.524794;0.000016641788;;;;
1252.114897;30.246694;30.745187;0.000013521753;1266.511014;30.159429;30.68913609;0.000014368450;1269.892882;29.919595;30.534589;0.000016681863;;;;
1258.154708;30.254764;30.754617;0.000013558632;1272.504330;30.167744;30.69878371;0.000014404592;1275.989460;29.927897;30.544361;0.000016721755;;;;
1264.197546;30.262822;30.764029;0.000013595369;1278.497508;30.175966;30.70831768;0.000014440174;1282.088681;29.936186;30.554117;0.000016761531;;;;
1270.244655;30.270872;30.773428;0.000013631979;1284.489497;30.184339;30.71799551;0.000014475572;1288.187205;29.944458;30.563854;0.000016801262;;;;
1276.296375;30.278894;30.782803;0.000013668670;1290.479971;30.192615;30.72755875;0.000014510484;1294.285399;29.952714;30.573574;0.000016840991;;;;
1282.350775;30.286886;30.792151;0.000013705438;1296.468349;30.200876;30.73709316;0.000014545034;1300.384068;29.960952;30.583276;0.000016880713;;;;
1288.409033;30.294855;30.801476;0.000013742205;1302.455343;30.209121;30.74660098;0.000014579289;1306.483451;29.969174;30.592962;0.000016920440;;;;
1294.468607;30.302802;30.810775;0.000013778893;1308.443527;30.217354;30.75608735;0.000014613294;1312.579921;29.977403;30.602658;0.000016960204;;;;
1300.530662;30.310730;30.820048;0.000013815392;1314.433709;30.225568;30.76554784;0.000014647092;1318.670994;29.985573;30.612283;0.000016999670;;;;
1306.597619;30.318640;30.829296;0.000013851686;1320.424001;30.233774;30.77499275;0.000014680708;1324.761023;29.993750;30.621921;0.000017039310;;;;
1312.663821;30.326532;30.838518;0.000013887760;1326.417191;30.241964;30.78441505;0.000014714130;1330.850139;30.001849;30.631473;0.000017078735;;;;
1318.723693;30.334397;30.847706;0.000013923649;1332.411635;30.250140;30.79381576;0.000014747351;1336.939607;30.009977;30.641052;0.000017118098;;;;
1324.783065;30.342243;30.856869;0.000013959388;1338.404388;30.258298;30.80318967;0.000014780344;1343.029318;30.018085;30.650604;0.000017157243;;;;
1330.842546;30.350073;30.866008;0.000013994873;1344.400789;30.266443;30.8125446;0.000014813160;1349.116264;30.026171;30.660123;0.000017196109;;;;
1336.902329;30.357890;30.875120;0.000014029983;1350.398274;30.274571;30.82187591;0.000014845787;1355.200815;30.034243;30.669615;0.000017234625;;;;
1342.957894;30.365688;30.884200;0.000014064779;1356.400044;30.282664;30.83116345;0.000014878186;1361.282275;30.042302;30.679081;0.000017272801;;;;
1349.018237;30.373476;30.893259;0.000014099275;1362.405203;30.290787;30.84047736;0.000014910509;1367.364179;30.050354;30.688527;0.000017310621;;;;
1355.075885;30.381246;30.902290;0.000014133463;1368.408719;30.298865;30.84973877;0.000014942602;1373.441854;30.058391;30.697943;0.000017348016;;;;
1361.134748;30.389000;30.911293;0.000014167320;1374.421840;30.306937;30.8589891;0.000014974555;1379.520041;30.066391;30.707303;0.000017384894;;;;
1367.194442;30.396740;30.920264;0.000014200745;1380.424848;30.315059;30.86831797;0.000015007297;1385.597883;30.074448;30.716707;0.000017421445;;;;
1373.258439;30.404464;30.929205;0.000014233748;1386.437095;30.323021;30.87740539;0.000015037831;1391.673534;30.082462;30.726048;0.000017457440;;;;
1379.325857;30.412173;30.938113;0.000014266272;1392.436350;30.331579;30.88715984;0.000015070266;1397.746662;30.090468;30.735364;0.000017492988;;;;
1385.396439;30.419861;30.946985;0.000014298354;1398.461089;30.338983;30.89566148;0.000015100038;1403.814600;30.098464;30.744655;0.000017528090;;;;
1391.468928;30.427528;30.955818;0.000014330008;1404.471468;30.347029;30.9048488;0.000015131020;1409.877741;30.106451;30.753920;0.000017562791;;;;
1397.544365;30.435172;30.964612;0.000014361209;1410.471614;30.353758;30.91279722;0.000015164097;1415.936205;30.114428;30.763162;0.000017597084;;;;
1403.624386;30.442798;30.973368;0.000014391862;1416.471693;30.362954;30.92300113;0.000015191419;1421.989880;30.122395;30.772379;0.000017630996;;;;
1409.710726;30.450406;30.982087;0.000014421998;1422.472020;30.370907;30.93204375;0.000015220991;1428.039368;30.130351;30.781574;0.000017664595;;;;
1415.802697;30.457993;30.990770;0.000014451732;1428.468025;30.378846;30.94105422;0.000015250043;1434.086282;30.138298;30.790749;0.000017697919;;;;
1421.895218;30.465552;30.999411;0.000014481059;1434.458965;30.386773;30.9500298;0.000015278490;1440.127063;30.146230;30.799901;0.000017731003;;;;
1427.995611;30.473095;31.008023;0.000014510063;1440.443278;30.394685;30.95896675;0.000015306299;1446.159315;30.154144;30.809026;0.000017763847;;;;
1434.101007;30.480624;31.016603;0.000014538585;1446.428708;30.402590;30.9678748;0.000015333502;1452.191474;30.162051;30.818137;0.000017796520;;;;
1440.212217;30.488150;31.025164;0.000014566653;1452.408572;30.410479;30.97674313;0.000015360069;1458.206257;30.169817;30.827073;0.000017828232;;;;
1446.329864;30.495644;31.033684;0.000014594494;1458.389382;30.417941;30.98513989;0.000015385411;1464.236231;30.177814;30.836288;0.000017861288;;;;
1452.454757;30.503119;31.042171;0.000014621932;1464.358086;30.426215;30.99436735;0.000015411276;1470.259384;30.185684;30.845341;0.000017893373;;;;
1458.584564;30.510575;31.050625;0.000014648996;1470.327765;30.434063;31.0031282;0.000015436041;1476.285716;30.193547;30.854380;0.000017925279;;;;
1464.718634;30.518014;31.059047;0.000014675663;1476.296265;30.441896;31.01185459;0.000015460285;1482.310138;30.201395;30.863396;0.000017956946;;;;
1470.858981;30.525441;31.067439;0.000014701834;1482.262256;30.449710;31.02054438;0.000015484047;1488.335802;30.209232;30.872392;0.000017988385;;;;
1477.007438;30.532860;31.075804;0.000014727492;1488.226989;30.457506;31.02920004;0.000015507362;1494.366588;30.217059;30.881369;0.000018019568;;;;
1483.165060;30.540265;31.084140;0.000014752760;1494.189004;30.465283;31.03782155;0.000015530264;1500.400540;30.224877;30.890325;0.000018050473;;;;
1489.329602;30.547664;31.092460;0.000014777742;1500.147186;30.473041;31.04641021;0.000015552782;1506.433759;30.232595;30.899208;0.000018082069;;;;
1495.497229;30.555043;31.100743;0.000014802250;1506.101961;30.480780;31.05496659;0.000015574961;1512.468943;30.240475;30.908168;0.000018111350;;;;
1501.671555;30.562415;31.109000;0.000014826263;1512.052575;30.488495;31.06348162;0.000015596654;1518.511011;30.248263;30.917060;0.000018141309;;;;
1507.853798;30.569779;31.117233;0.000014849836;1518.002244;30.496199;31.07197107;0.000015617982;1524.559488;30.256044;30.925934;0.000018170957;;;;
1514.042461;30.577132;31.125443;0.000014873070;1523.948754;30.503891;31.08043071;0.000015638787;1530.613307;30.263816;30.934787;0.000018200255;;;;
1520.236009;30.584480;31.133630;0.000014895827;1529.892404;30.511653;31.08895252;0.000015659401;1536.673149;30.271581;30.943619;0.000018229215;;;;
1526.434650;30.591820;31.141794;0.000014918194;1535.829352;30.519246;31.09726294;0.000015678866;1542.737673;30.279336;30.952427;0.000018257781;;;;
1532.638255;30.599148;31.149940;0.000014940360;1541.760126;30.526908;31.10563561;0.000015698132;1548.809208;30.287063;30.961189;0.000018285848;;;;
1538.846002;30.606466;31.158063;0.000014962213;1547.684971;30.534564;31.11398325;0.000015716904;1554.889331;30.294827;30.969980;0.000018313682;;;;
1545.056615;30.613775;31.166160;0.000014983594;1553.601618;30.542211;31.12230483;0.000015735191;1560.973599;30.302574;30.978734;0.000018341010;;;;
1551.266618;30.621070;31.174234;0.000015004715;1559.509812;30.549852;31.13060278;0.000015753015;1567.061050;30.310280;30.987423;0.000018367686;;;;
1557.474586;30.628354;31.182284;0.000015025485;1565.411221;30.557488;31.13888063;0.000015770434;1573.153196;30.318002;30.996112;0.000018393917;;;;
1563.677650;30.635626;31.190310;0.000015045948;1571.307416;30.565121;31.14714138;0.000015787470;1579.254739;30.325712;31.004765;0.000018419498;;;;
1569.874655;30.642880;31.198316;0.000015066343;1577.195592;30.572749;31.15538276;0.000015804107;1585.356516;30.333414;31.013389;0.000018444495;;;;
1576.071138;30.650142;31.206302;0.000015086000;1583.074393;30.580370;31.1636037;0.000015820359;1591.457612;30.341106;31.021980;0.000018468907;;;;
1582.253630;30.657392;31.214258;0.000015105136;1588.943419;30.587986;31.17180481;0.000015836238;1597.558126;30.348787;31.030540;0.000018492734;;;;
1588.423784;30.664633;31.222190;0.000015123895;1594.805182;30.595597;31.1799873;0.000015851742;1603.658173;30.356458;31.039068;0.000018515966;;;;
1594.580630;30.671860;31.230099;0.000015142397;1600.659111;30.603203;31.18815087;0.000015866858;1609.760165;30.364122;31.047566;0.000018538604;;;;
1600.721425;30.679067;31.237984;0.000015160761;1606.507298;30.610809;31.19629883;0.000015881567;1615.865221;30.371779;31.056034;0.000018560606;;;;
1606.844233;30.686252;31.245844;0.000015179085;1612.350718;30.618415;31.20443223;0.000015895879;1621.967456;30.379426;31.064471;0.000018582026;;;;
1612.948683;30.693421;31.253680;0.000015197180;1618.189857;30.626021;31.21255083;0.000015909787;1628.068498;30.387071;31.072886;0.000018602918;;;;
1619.037288;30.700576;31.261493;0.000015215015;1624.026441;30.633627;31.22065523;0.000015923291;1634.171405;30.394705;31.081271;0.000018623284;;;;
1625.108747;30.707717;31.269283;0.000015232615;1629.859249;30.641234;31.22874421;0.000015936358;1640.274341;30.402358;31.089662;0.000018643296;;;;
1631.164392;30.714845;31.277052;0.000015249999;1635.692259;30.648847;31.23682174;0.000015948975;1646.385388;30.409957;31.097970;0.000018662520;;;;
1637.205742;30.721960;31.284800;0.000015267171;1641.523562;30.656463;31.24488519;0.000015961116;1652.496121;30.417569;31.106277;0.000018681392;;;;
1643.233383;30.729063;31.292527;0.000015284122;1647.354844;30.664083;31.25293539;0.000015972764;1658.610599;30.425172;31.114558;0.000018699785;;;;
1649.250107;30.736153;31.300235;0.000015300879;1653.182929;30.671699;31.26096626;0.000015984027;1664.728222;30.432766;31.122814;0.000018717739;;;;
1655.258397;30.743233;31.307929;0.000015317527;1659.014542;30.679318;31.268987;0.000015994920;1670.852128;30.440349;31.131044;0.000018735279;;;;
1661.256581;30.750295;31.315603;0.000015334115;1664.847723;30.686939;31.27699556;0.000016005429;1676.984196;30.447921;31.139248;0.000018752431;;;;
1667.245432;30.757339;31.323258;0.000015350684;1670.695719;30.694575;31.28500878;0.000016015661;1683.126291;30.455481;31.147428;0.000018769234;;;;
1673.225035;30.764368;31.330891;0.000015367071;1676.523439;30.702185;31.29297996;0.000016025461;1689.278549;30.463029;31.155583;0.000018785704;;;;
1679.196846;30.771382;31.338503;0.000015383331;1682.362483;30.709804;31.30095023;0.000016035003;1695.436766;30.470560;31.163711;0.000018801888;;;;
1685.165072;30.778386;31.346098;0.000015399339;1688.205742;30.717416;31.30890812;0.000016044372;1701.607042;30.478081;31.171819;0.000018817837;;;;
1691.132061;30.785386;31.353677;0.000015415044;1694.054360;30.725025;31.3168549;0.000016053543;1707.782862;30.485581;31.179899;0.000018833552;;;;
1697.098357;30.792376;31.361239;0.000015430562;1699.905986;30.732632;31.3247883;0.000016062394;1713.971562;30.493068;31.187958;0.000018849063;;;;
1703.067105;30.799363;31.368785;0.000015445733;1705.760981;30.740234;31.33270898;0.000016071046;1720.171225;30.500542;31.195996;0.000018864377;;;;
1709.039882;30.806348;31.376316;0.000015460543;1711.619503;30.747830;31.34060793;0.000016079262;1726.381353;30.507998;31.204011;0.000018879514;;;;
1715.018060;30.813327;31.383830;0.000015475044;1717.481666;30.755420;31.34849725;0.000016087389;1732.602041;30.515440;31.212003;0.000018894462;;;;
1720.997714;30.820292;31.391325;0.000015489428;1723.349311;30.763008;31.35637136;0.000016095141;1738.827706;30.522865;31.219972;0.000018909214;;;;
1726.979169;30.827244;31.398801;0.000015503628;1729.228050;30.770601;31.36424277;0.000016102686;1745.064292;30.530275;31.227919;0.000018923780;;;;
1732.962840;30.834185;31.406257;0.000015517590;1735.098195;30.778174;31.37208509;0.000016109988;1751.307569;30.537667;31.235841;0.000018938144;;;;
1738.945413;30.841114;31.413694;0.000015531372;1740.975533;30.785747;31.37991729;0.000016117017;1757.565253;30.545051;31.243748;0.000018952339;;;;
1744.927720;30.848033;31.421111;0.000015544884;1746.858632;30.793317;31.38773756;0.000016123828;1763.828299;30.552415;31.251627;0.000018966315;;;;
1750.912511;30.854946;31.428506;0.000015557975;1752.753140;30.800921;31.39558852;0.000016130501;1770.099808;30.559764;31.259482;0.000018980041;;;;
1756.901661;30.861851;31.435883;0.000015570771;1758.651470;30.808449;31.40334535;0.000016136722;1776.381447;30.567101;31.267316;0.000018993512;;;;
1762.902237;30.868756;31.443250;0.000015583308;1764.554793;30.816001;31.41112172;0.000016142815;1782.671178;30.574429;31.275128;0.000019006661;;;;
1768.909492;30.875658;31.450599;0.000015595427;1770.458525;30.823537;31.41887299;0.000016148649;1788.964376;30.581743;31.282915;0.000019019480;;;;
1774.918659;30.882549;31.457930;0.000015607359;1776.366512;30.831061;31.42660401;0.000016154270;1795.260720;30.589050;31.290682;0.000019031961;;;;
1780.928673;30.889432;31.465244;0.000015619075;1782.280519;30.838571;31.43431514;0.000016159721;1801.562067;30.596554;31.298657;0.000019044741;;;;
1786.944601;30.896312;31.472544;0.000015630427;1788.199464;30.846063;31.44200279;0.000016165020;1807.859520;30.603575;31.306062;0.000019055136;;;;
1792.966363;30.903189;31.479829;0.000015641504;1794.127554;30.853544;31.44967353;0.000016170170;1814.153633;30.610918;31.313850;0.000019067213;;;;
1798.995875;30.910065;31.487102;0.000015652294;1800.058783;30.860999;31.45731359;0.000016175204;1820.444676;30.618192;31.321530;0.000019078210;;;;
1805.022520;30.916926;31.494361;0.000015663072;1805.997918;30.868428;31.4649279;0.000016180213;1826.728700;30.625459;31.329188;0.000019088853;;;;
1811.045191;30.923777;31.501603;0.000015673676;1811.944929;30.875830;31.47251566;0.000016185246;1833.005805;30.632722;31.336830;0.000019099132;;;;
1817.066469;30.930619;31.508830;0.000015684141;1817.900359;30.883194;31.48006455;0.000016190268;1839.272826;30.639981;31.344456;0.000019109068;;;;
1823.086613;30.937451;31.516043;0.000015694463;1823.861862;30.890549;31.48761334;0.000016195522;1845.528173;30.647237;31.352064;0.000019118620;;;;
1829.095268;30.944264;31.523242;0.000015704926;1829.828519;30.897860;31.49512243;0.000016200888;1851.768293;30.654491;31.359658;0.000019127835;;;;
1835.090410;30.951062;31.530426;0.000015715413;1835.799535;30.905139;31.50260597;0.000016206447;1857.987731;30.661738;31.367232;0.000019136712;;;;
1841.072361;30.957845;31.537595;0.000015725889;1841.775884;30.912387;31.51006651;0.000016212219;1864.189322;30.668984;31.374793;0.000019145241;;;;
1847.041895;30.964619;31.544749;0.000015736174;1847.757323;30.919607;31.51750672;0.000016218199;1870.372957;30.676232;31.382345;0.000019153511;;;;
1852.991707;30.971377;31.551887;0.000015746498;1853.743424;30.926799;31.52492709;0.000016224374;1876.538276;30.683482;31.389887;0.000019161433;;;;
1858.910815;30.978109;31.559009;0.000015757057;1859.733666;30.933965;31.53232722;0.000016230721;1882.682559;30.690733;31.397418;0.000019169029;;;;
1864.808090;30.984826;31.566114;0.000015767601;1865.727241;30.941105;31.53970833;0.000016237272;1888.804674;30.697984;31.404937;0.000019176287;;;;
1870.693236;30.991526;31.573196;0.000015777962;1871.723832;30.948221;31.54707036;0.000016243955;1894.903890;30.705235;31.412443;0.000019183213;;;;
1876.542286;30.998277;31.580313;0.000015787868;1877.721786;30.955312;31.55441188;0.000016250739;1900.978378;30.712483;31.419935;0.000019189821;;;;
1882.387736;31.004876;31.587342;0.000015799543;1883.722667;30.962383;31.56173447;0.000016257557;1907.030279;30.719731;31.427414;0.000019196100;;;;
1888.220636;31.011542;31.594384;0.000015809722;1889.726479;30.969435;31.56903886;0.000016264427;1913.058203;30.726976;31.434878;0.000019202039;;;;
1894.036362;31.018188;31.601419;0.000015820306;1895.733618;30.976469;31.57632587;0.000016271290;1919.065279;30.734369;31.442492;0.000019208010;;;;
1899.844413;31.024824;31.608444;0.000015830848;1901.742983;30.983484;31.58359449;0.000016278162;1925.047090;30.741455;31.449756;0.000019212847;;;;
1905.647842;31.031451;31.615458;0.000015841368;1907.756342;30.990483;31.59084667;0.000016285036;1931.009909;30.748698;31.457174;0.000019217610;;;;
1911.449657;31.038067;31.622463;0.000015851882;1913.774007;30.997467;31.59808271;0.000016291868;1936.946235;30.755930;31.464569;0.000019222025;;;;
1917.252128;31.044674;31.629457;0.000015862386;1919.796498;31.004439;31.60530368;0.000016298625;1942.861051;30.763159;31.471947;0.000019226052;;;;
1923.057500;31.051273;31.636442;0.000015872870;1925.823834;31.011399;31.6125118;0.000016305336;1948.757109;30.770385;31.479308;0.000019229718;;;;
1928.866620;31.057860;31.643418;0.000015883422;1931.855451;31.018350;31.61970763;0.000016311998;1954.637165;30.777608;31.486652;0.000019233001;;;;
1934.681860;31.064436;31.650385;0.000015894016;1937.888907;31.025290;31.6268916;0.000016318604;1960.508140;30.784832;31.493982;0.000019235879;;;;
1940.504915;31.071001;31.657342;0.000015904643;1943.926483;31.032224;31.63406734;0.000016325153;1966.371435;30.792054;31.501296;0.000019238364;;;;
1946.333954;31.077554;31.664288;0.000015915315;1949.966937;31.039153;31.64123518;0.000016331643;1972.229482;30.799275;31.508594;0.000019240484;;;;
1952.167025;31.084092;31.671223;0.000015926071;1956.011228;31.046080;31.64839904;0.000016338070;1978.086269;30.806493;31.515879;0.000019242273;;;;
1958.003454;31.090615;31.678146;0.000015936922;1962.058699;31.053006;31.6555588;0.000016344393;1983.944400;30.813709;31.523149;0.000019243758;;;;
1963.847312;31.097126;31.685060;0.000015947857;1968.109384;31.059933;31.6627148;0.000016350625;1989.805479;30.820921;31.530405;0.000019244953;;;;
1969.698384;31.103623;31.691962;0.000015958865;1974.162716;31.066859;31.66986659;0.000016356743;1995.669626;30.828129;31.537646;0.000019245841;;;;
1975.556067;31.110105;31.698853;0.000015969947;1980.220380;31.073787;31.67701732;0.000016362791;2001.545312;30.835342;31.544884;0.000019246504;;;;
1981.419462;31.116572;31.705731;0.000015981113;1986.282080;31.080716;31.68416628;0.000016368761;2007.405008;30.842526;31.552086;0.000019247000;;;;
1987.289246;31.123024;31.712598;0.000015992336;1992.348121;31.087646;31.69131309;0.000016374638;2013.276016;30.849713;31.559286;0.000019247346;;;;
1993.163978;31.129462;31.719450;0.000016003577;1998.417686;31.094576;31.69845661;0.000016380416;2019.149128;30.856891;31.566471;0.000019247540;;;;
1999.044591;31.135885;31.726287;0.000016014835;2004.489413;31.101506;31.70559635;0.000016386108;2025.025268;30.864057;31.573641;0.000019247653;;;;
2004.929499;31.142293;31.733111;0.000016026091;2010.564598;31.108435;31.71273272;0.000016391730;2030.904695;30.871212;31.580797;0.000019247669;;;;
2010.811402;31.148687;31.739920;0.000016037352;2016.642673;31.115362;31.71986404;0.000016397285;2036.787859;30.878355;31.587937;0.000019247614;;;;
2016.687889;31.155049;31.746696;0.000016048576;2022.723987;31.122285;31.72698996;0.000016402782;2042.676967;30.885487;31.595065;0.000019247488;;;;
2022.567895;31.161435;31.753498;0.000016059863;2028.807497;31.129202;31.73410707;0.000016408209;2048.574284;30.892605;31.602178;0.000019247338;;;;
2028.449516;31.167787;31.760263;0.000016071069;2034.892168;31.136110;31.74121315;0.000016413570;2054.480971;30.899711;31.609277;0.000019247163;;;;
2034.330971;31.174128;31.767016;0.000016082239;2040.975497;31.143008;31.74830567;0.000016418853;2060.397635;30.906804;31.616363;0.000019246971;;;;
2040.207356;31.180453;31.773751;0.000016093364;2047.058425;31.149896;31.7553854;0.000016424067;2066.323215;30.913884;31.623434;0.000019246738;;;;
2046.076263;31.186773;31.780480;0.000016104456;2053.141562;31.156772;31.76245133;0.000016429218;2072.257234;30.920951;31.630491;0.000019246452;;;;
2051.934971;31.193069;31.787182;0.000016115463;2059.226802;31.163639;31.76950546;0.000016434298;2078.199378;30.928008;31.637532;0.000019246009;;;;
2057.780586;31.199362;31.793879;0.000016126421;2065.323369;31.170671;31.77672493;0.000016439365;2084.146783;30.935054;31.644557;0.000019245447;;;;
2063.609303;31.205643;31.800561;0.000016137303;2071.398237;31.177340;31.78357194;0.000016444197;2090.095153;30.942087;31.651565;0.000019244787;;;;
2069.420466;31.211910;31.807227;0.000016148123;2077.484491;31.184174;31.79058427;0.000016449037;2096.042090;30.949108;31.658558;0.000019244012;;;;
2075.213052;31.218163;31.813877;0.000016158905;2083.568916;31.190996;31.79758063;0.000016453779;2101.986575;30.956118;31.665538;0.000019243194;;;;
2080.991984;31.224402;31.820515;0.000016169727;2089.652053;31.197805;31.80456111;0.000016458417;2107.925239;30.963115;31.672502;0.000019242315;;;;
2086.763899;31.230627;31.827139;0.000016180537;2095.735380;31.204604;31.81152744;0.000016462946;2113.857612;30.970100;31.679454;0.000019241416;;;;
2092.532189;31.236839;31.833749;0.000016191325;2101.818567;31.211395;31.81848181;0.000016467390;2119.783988;30.977072;31.686393;0.000019240510;;;;
2098.294638;31.243037;31.840344;0.000016202117;2107.903173;31.218178;31.82542687;0.000016471790;2125.708336;30.984034;31.693320;0.000019239571;;;;
2104.058473;31.249219;31.846924;0.000016212922;2113.987955;31.224951;31.83235857;0.000016476099;2131.631087;30.990985;31.700238;0.000019238673;;;;
2109.819795;31.255386;31.853491;0.000016223758;2120.071781;31.231712;31.83927661;0.000016480358;2137.558330;30.997928;31.707147;0.000019237749;;;;
2115.577815;31.261539;31.860044;0.000016234621;2126.156557;31.238463;31.8461834;0.000016484588;2143.492757;31.004865;31.714050;0.000019236816;;;;
2121.345439;31.267675;31.866583;0.000016245526;2132.241735;31.245202;31.85307832;0.000016488818;2149.434208;31.011798;31.720947;0.000019235858;;;;
2127.116687;31.273796;31.873107;0.000016256468;2138.327642;31.251928;31.85996052;0.000016493030;2155.378892;31.018721;31.727837;0.000019234944;;;;
2132.883463;31.279899;31.879614;0.000016267427;2144.412755;31.258641;31.866828;0.000016497240;2161.327276;31.025641;31.734721;0.000019233964;;;;
2138.650704;31.285989;31.886108;0.000016278401;2150.498180;31.265342;31.8736833;0.000016501417;2167.283463;31.032570;31.741600;0.000019232608;;;;
2144.422921;31.292063;31.892587;0.000016289382;2156.584143;31.272033;31.88052699;0.000016505550;2173.237824;31.039486;31.748472;0.000019231446;;;;
2150.197612;31.298123;31.899052;0.000016300356;2162.671862;31.278718;31.88736134;0.000016509607;2179.205581;31.046429;31.755341;0.000019229424;;;;
2155.975510;31.304172;31.905505;0.000016311315;2168.760537;31.285394;31.89418488;0.000016513607;2185.180239;31.053379;31.762208;0.000019227156;;;;
2161.761359;31.310205;31.911941;0.000016322236;2174.849127;31.292061;31.90099593;0.000016517515;2191.149723;31.060314;31.769068;0.000019225159;;;;
2167.548137;31.316222;31.918359;0.000016333114;2180.938914;31.298723;31.9077973;0.000016521313;2197.118776;31.067243;31.775923;0.000019223135;;;;
2173.336876;31.322228;31.924764;0.000016343946;2187.027415;31.305376;31.91458641;0.000016524993;2203.094686;31.074187;31.782772;0.000019220545;;;;
2179.131172;31.328221;31.931154;0.000016354736;2193.115204;31.312022;31.92136323;0.000016528546;2209.054721;31.081089;31.789613;0.000019218925;;;;
2184.931594;31.334202;31.937532;0.000016365468;2199.205671;31.318663;31.92813092;0.000016531974;2215.007543;31.087972;31.796448;0.000019217606;;;;
2190.736970;31.340176;31.943899;0.000016376147;2205.299215;31.325301;31.93488964;0.000016535250;2220.955546;31.094842;31.803276;0.000019216449;;;;
2196.546678;31.346137;31.950252;0.000016386774;2211.394218;31.331935;31.94163869;0.000016538384;2226.893263;31.101691;31.810095;0.000019215633;;;;
2202.360854;31.352088;31.956593;0.000016397359;2217.490473;31.338563;31.9483782;0.000016541412;2232.825436;31.108526;31.816903;0.000019214920;;;;
2208.179833;31.358029;31.962924;0.000016407930;2223.588269;31.345185;31.95510875;0.000016544347;2238.756085;31.115350;31.823703;0.000019214257;;;;
2214.004778;31.363960;31.969244;0.000016418489;2229.685457;31.351800;31.9618297;0.000016547217;2244.685446;31.122164;31.830495;0.000019213671;;;;
2219.837760;31.369883;31.975555;0.000016429035;2235.782540;31.358409;31.96854287;0.000016550051;2250.614438;31.128967;31.837280;0.000019213187;;;;
2225.680120;31.375797;31.981858;0.000016439581;2241.880002;31.365011;31.97524814;0.000016552844;2256.543314;31.135760;31.844056;0.000019212697;;;;
2231.531178;31.381702;31.988153;0.000016450142;2247.977947;31.371607;31.98194545;0.000016555579;2262.469765;31.142543;31.850820;0.000019212202;;;;
2237.390386;31.387600;31.994441;0.000016460715;2254.074340;31.378195;31.9886344;0.000016558332;2268.384886;31.149316;31.857574;0.000019211687;;;;
2243.257855;31.393492;32.000723;0.000016471297;2260.171793;31.384777;31.995318;0.000016561096;2274.290959;31.156079;31.864318;0.000019211175;;;;
2249.129802;31.399375;32.006997;0.000016481896;2266.268041;31.391350;32.00199445;0.000016563892;2280.194197;31.162834;31.871054;0.000019210647;;;;
2255.006590;31.405250;32.013263;0.000016492505;2272.361157;31.397913;32.00866152;0.000016566706;2286.094844;31.169581;31.877780;0.000019210094;;;;
2260.889716;31.411119;32.019523;0.000016503107;2278.452930;31.404469;32.0153211;0.000016569536;2291.992705;31.176323;31.884500;0.000019209510;;;;
2266.778663;31.416982;32.025776;0.000016513692;2284.543100;31.411015;32.0219723;0.000016572374;2297.883348;31.183058;31.891213;0.000019208886;;;;
2272.671452;31.422838;32.032021;0.000016524239;2290.631805;31.417552;32.02861408;0.000016575227;2303.759613;31.189783;31.897913;0.000019208206;;;;
2278.566585;31.428689;32.038259;0.000016534743;2296.718287;31.424079;32.0352461;0.000016578071;2309.619812;31.196499;31.904601;0.000019207455;;;;
2284.463755;31.434534;32.044489;0.000016545185;2302.802241;31.430596;32.04186795;0.000016580905;2315.462441;31.203208;31.911279;0.000019206620;;;;
2290.361652;31.440374;32.050711;0.000016555547;2308.882034;31.437103;32.04847858;0.000016583713;2321.288690;31.209910;31.917947;0.000019205684;;;;
2296.259841;31.446211;32.056926;0.000016565821;2314.958484;31.443604;32.05508003;0.000016586457;2327.097753;31.216607;31.924606;0.000019204657;;;;
2302.157056;31.452043;32.063134;0.000016576004;2321.031818;31.450099;32.06167374;0.000016589117;2332.886881;31.223290;31.931247;0.000019203531;;;;
2308.052360;31.457872;32.069335;0.000016586096;2327.102806;31.456591;32.06826104;0.000016591700;2338.672140;31.229971;31.937883;0.000019202300;;;;
2313.945170;31.463698;32.075530;0.000016596110;2333.172234;31.463081;32.07484257;0.000016594187;2344.452168;31.236644;31.944507;0.000019200963;;;;
2319.835411;31.469521;32.081720;0.000016606047;2339.240473;31.469570;32.08141934;0.000016596582;2350.231183;31.243308;31.951118;0.000019199522;;;;
2325.723128;31.475342;32.087904;0.000016615893;2345.308402;31.476059;32.08799236;0.000016598856;2356.014882;31.249963;31.957716;0.000019197981;;;;
2331.609537;31.481163;32.094084;0.000016625644;2351.377024;31.482551;32.09456286;0.000016600985;2361.805311;31.256609;31.964301;0.000019196352;;;;
2337.494318;31.486982;32.100259;0.000016635295;2357.445883;31.489046;32.10113067;0.000016602965;2367.604275;31.263243;31.970873;0.000019194656;;;;
2343.377635;31.492800;32.106429;0.000016644851;2363.515045;31.495544;32.10769494;0.000016604763;2373.410054;31.269863;31.977430;0.000019192933;;;;
2349.261478;31.498616;32.112594;0.000016654318;2369.584804;31.502045;32.11425637;0.000016606397;2379.219478;31.276472;31.983974;0.000019191171;;;;
2355.145446;31.504430;32.118753;0.000016663684;2375.654573;31.508549;32.12081454;0.000016607878;2385.036016;31.282940;31.990352;0.000019188737;;;;
2361.030084;31.510242;32.124907;0.000016672943;2381.723496;31.515054;32.12736768;0.000016609171;2390.863946;31.289656;31.997027;0.000019187621;;;;
2366.915298;31.516051;32.131052;0.000016682076;2387.792245;31.521560;32.13391379;0.000016610256;2396.693589;31.296229;32.003535;0.000019185865;;;;
2372.802898;31.521858;32.137191;0.000016691076;2393.861091;31.528061;32.14045039;0.000016611236;2402.525004;31.302790;32.010033;0.000019184133;;;;
2378.690522;31.527660;32.143320;0.000016699948;2399.926948;31.534548;32.14697206;0.000016612151;2408.359674;31.309341;32.016520;0.000019182431;;;;
2384.584385;31.533463;32.149446;0.000016708700;2405.997168;31.541035;32.1534878;0.000016612950;2414.197028;31.315880;32.022998;0.000019180772;;;;
2390.481444;31.539263;32.155564;0.000016717327;2412.068233;31.547517;32.15999559;0.000016613631;2420.036865;31.322409;32.029468;0.000019179161;;;;
2396.381093;31.545057;32.161673;0.000016725856;2418.138431;31.553994;32.16649198;0.000016614176;2425.877190;31.328927;32.035929;0.000019177605;;;;
2402.283552;31.550846;32.167773;0.000016734286;2424.209619;31.560467;32.17298063;0.000016614581;2431.714683;31.335435;32.042381;0.000019176104;;;;
2408.188560;31.556629;32.173863;0.000016742620;2430.281377;31.566939;32.17946183;0.000016614850;2437.546550;31.341933;32.048825;0.000019174638;;;;
2414.096284;31.562405;32.179943;0.000016750879;2436.351658;31.573406;32.18593399;0.000016614980;2443.374626;31.348424;32.055264;0.000019173226;;;;
2420.006444;31.568172;32.186012;0.000016759087;2442.422059;31.579871;32.19239849;0.000016614967;2449.196653;31.354909;32.061699;0.000019171863;;;;
2425.917604;31.573928;32.192069;0.000016767228;2448.489803;31.586331;32.19885347;0.000016614846;2455.017980;31.361396;32.068137;0.000019170547;;;;
2431.829652;31.579674;32.198113;0.000016775311;2454.556088;31.592786;32.2053006;0.000016614627;2460.818124;31.367860;32.074555;0.000019169301;;;;
2437.742765;31.585413;32.204147;0.000016783338;2460.619312;31.599235;32.21173941;0.000016614354;2466.612917;31.374320;32.080971;0.000019168101;;;;
2443.655776;31.591145;32.210173;0.000016791313;2466.679725;31.605679;32.21817322;0.000016614056;2472.397228;31.380773;32.087382;0.000019166953;;;;
2449.568352;31.596870;32.216191;0.000016799252;2472.738018;31.612119;32.22460039;0.000016613721;2478.170281;31.387216;32.093784;0.000019165861;;;;
2455.483014;31.602588;32.222201;0.000016807166;2478.795134;31.618552;32.23102161;0.000016613395;2483.939371;31.393652;32.100183;0.000019164823;;;;
2461.398973;31.608299;32.228203;0.000016815054;2484.850455;31.624979;32.23743663;0.000016613073;2489.709493;31.400081;32.106576;0.000019163862;;;;
2467.316051;31.614004;32.234198;0.000016822925;2490.904106;31.631399;32.24384524;0.000016612778;2495.484229;31.406499;32.112963;0.000019163000;;;;
2473.237522;31.619701;32.240184;0.000016830786;2496.953440;31.637807;32.25024399;0.000016612524;2501.266028;31.412911;32.119343;0.000019162154;;;;
2479.158498;31.625387;32.246161;0.000016838643;2502.999973;31.644204;32.25663428;0.000016612334;2507.055515;31.419310;32.125712;0.000019161339;;;;
2485.079562;31.631063;32.252126;0.000016846507;2509.045083;31.650591;32.26301607;0.000016612188;2512.861620;31.425705;32.132078;0.000019160546;;;;
2491.001960;31.636729;32.258082;0.000016854362;2515.088816;31.656968;32.26938828;0.000016612067;2518.679687;31.432094;32.138437;0.000019159746;;;;
2496.924881;31.642385;32.264027;0.000016862201;2521.132470;31.663333;32.27575006;0.000016611962;2524.511271;31.438474;32.144787;0.000019158930;;;;
2502.849125;31.648031;32.269962;0.000016870020;2527.176939;31.669687;32.28210007;0.000016611856;2530.355608;31.444846;32.151128;0.000019158089;;;;
2505.811794;31.650851;32.272925;0.000016873924;;;;0.000000000000;;;;0.000000000000;;;;
